sep=,
Piramid,21/02/2026 00:00:00
Round 1,,
Number,Type,Time
Interval 1,Rest,03:00
Interval 2,Apnea,03:00
Round 2,,
Number,Type,Time
Interval 1,Rest,03:00
Interval 2,Apnea,02:15
Round 3,,
Number,Type,Time
Interval 1,Rest,03:00
Interval 2,Apnea,02:10
Round 4,,
Number,Type,Time
Interval 1,Rest,03:00
Interval 2,Apnea,04:02
Round 5,,
Number,Type,Time
Interval 1,Rest,03:00
Interval 2,Apnea,03:08
Round 6,,
Number,Type,Time
Interval 1,Rest,03:00
Interval 2,Apnea,06:13
Round 7,,
Number,Type,Time
Interval 1,Cooldown,01:00
Biometrics,,
Time,Interval Time,Interval Type,HR,SpO2
00:00,00:00,Rest,55,98
00:01,00:01,Rest,54,98
00:02,00:02,Rest,54,98
00:03,00:03,Rest,54,98
00:04,00:04,Rest,54,98
00:05,00:05,Rest,54,98
00:06,00:06,Rest,54,98
00:07,00:07,Rest,54,98
00:08,00:08,Rest,54,98
00:09,00:09,Rest,54,98
00:10,00:10,Rest,54,98
00:11,00:11,Rest,54,98
00:12,00:12,Rest,54,98
00:13,00:13,Rest,53,98
00:14,00:14,Rest,53,98
00:15,00:15,Rest,53,98
00:16,00:16,Rest,53,98
00:17,00:17,Rest,53,98
00:18,00:18,Rest,54,98
00:19,00:19,Rest,53,98
00:20,00:20,Rest,53,98
00:21,00:21,Rest,53,98
00:22,00:22,Rest,53,98
00:23,00:23,Rest,53,98
00:24,00:24,Rest,53,98
00:25,00:25,Rest,53,98
00:26,00:26,Rest,52,98
00:27,00:27,Rest,51,98
00:28,00:28,Rest,52,98
00:29,00:29,Rest,53,98
00:30,00:30,Rest,53,98
00:31,00:31,Rest,53,98
00:32,00:32,Rest,53,98
00:33,00:33,Rest,53,98
00:34,00:34,Rest,54,98
00:35,00:35,Rest,54,98
00:36,00:36,Rest,54,98
00:37,00:37,Rest,54,98
00:38,00:38,Rest,55,99
00:39,00:39,Rest,55,99
00:40,00:40,Rest,55,99
00:41,00:41,Rest,55,99
00:42,00:42,Rest,55,99
00:43,00:43,Rest,55,99
00:44,00:44,Rest,55,99
00:45,00:45,Rest,55,99
00:46,00:46,Rest,55,99
00:47,00:47,Rest,55,99
00:48,00:48,Rest,55,99
00:49,00:49,Rest,55,99
00:50,00:50,Rest,54,99
00:51,00:51,Rest,54,99
00:52,00:52,Rest,54,99
00:53,00:53,Rest,54,99
00:54,00:54,Rest,56,99
00:55,00:55,Rest,57,99
00:56,00:56,Rest,59,99
00:57,00:57,Rest,59,99
00:58,00:58,Rest,59,99
00:59,00:59,Rest,59,99
01:00,01:00,Rest,59,99
01:01,01:01,Rest,59,99
01:02,01:02,Rest,65,99
01:03,01:03,Rest,69,99
01:04,01:04,Rest,77,99
01:05,01:05,Rest,78,99
01:06,01:06,Rest,81,99
01:07,01:07,Rest,83,99
01:08,01:08,Rest,80,99
01:09,01:09,Rest,78,99
01:10,01:10,Rest,78,99
01:11,01:11,Rest,78,99
01:12,01:12,Rest,78,99
01:13,01:13,Rest,81,99
01:14,01:14,Rest,83,99
01:15,01:15,Rest,86,99
01:16,01:16,Rest,87,99
01:17,01:17,Rest,87,99
01:18,01:18,Rest,83,99
01:19,01:19,Rest,81,99
01:20,01:20,Rest,81,99
01:21,01:21,Rest,81,99
01:22,01:22,Rest,78,99
01:23,01:23,Rest,76,99
01:24,01:24,Rest,74,99
01:25,01:25,Rest,74,99
01:26,01:26,Rest,75,99
01:27,01:27,Rest,77,99
01:28,01:28,Rest,80,99
01:29,01:29,Rest,81,99
01:30,01:30,Rest,80,99
01:31,01:31,Rest,79,99
01:32,01:32,Rest,79,99
01:33,01:33,Rest,77,99
01:34,01:34,Rest,76,99
01:35,01:35,Rest,77,99
01:36,01:36,Rest,79,99
01:37,01:37,Rest,80,99
01:38,01:38,Rest,81,99
01:40,01:40,Rest,84,99
01:41,01:41,Rest,84,99
01:43,01:43,Rest,79,99
01:44,01:44,Rest,79,99
01:45,01:45,Rest,79,99
01:46,01:46,Rest,79,99
01:47,01:47,Rest,79,99
01:48,01:48,Rest,74,99
01:49,01:49,Rest,74,99
01:50,01:50,Rest,74,99
01:51,01:51,Rest,74,99
01:52,01:52,Rest,74,99
01:53,01:53,Rest,74,99
01:54,01:54,Rest,74,99
01:55,01:55,Rest,74,99
01:56,01:56,Rest,74,99
01:57,01:57,Rest,71,99
01:58,01:58,Rest,71,99
01:59,01:59,Rest,72,99
02:00,02:00,Rest,72,99
02:01,02:01,Rest,72,99
02:02,02:02,Rest,73,99
02:03,02:03,Rest,76,99
02:04,02:04,Rest,77,99
02:05,02:05,Rest,76,99
02:06,02:06,Rest,76,99
02:07,02:07,Rest,76,99
02:08,02:08,Rest,75,99
02:09,02:09,Rest,75,99
02:10,02:10,Rest,75,99
02:11,02:11,Rest,77,99
02:12,02:12,Rest,78,99
02:13,02:13,Rest,78,99
02:14,02:14,Rest,76,99
02:15,02:15,Rest,74,99
02:16,02:16,Rest,74,99
02:17,02:17,Rest,74,99
02:18,02:18,Rest,74,99
02:19,02:19,Rest,74,99
02:20,02:20,Rest,71,99
02:21,02:21,Rest,71,99
02:22,02:22,Rest,72,99
02:23,02:23,Rest,72,99
02:24,02:24,Rest,71,99
02:25,02:25,Rest,71,99
02:26,02:26,Rest,71,99
02:27,02:27,Rest,71,99
02:28,02:28,Rest,71,99
02:29,02:29,Rest,71,99
02:30,02:30,Rest,71,99
02:31,02:31,Rest,71,99
02:32,02:32,Rest,69,99
02:33,02:33,Rest,69,99
02:34,02:34,Rest,70,99
02:35,02:35,Rest,72,99
02:36,02:36,Rest,72,99
02:37,02:37,Rest,72,99
02:38,02:38,Rest,72,99
02:39,02:39,Rest,72,99
02:40,02:40,Rest,70,99
02:41,02:41,Rest,69,99
02:42,02:42,Rest,69,99
02:43,02:43,Rest,69,99
02:44,02:44,Rest,69,99
02:45,02:45,Rest,69,99
02:46,02:46,Rest,69,99
02:47,02:47,Rest,69,99
02:48,02:48,Rest,69,99
02:49,02:49,Rest,69,99
02:50,02:50,Rest,68,99
02:51,02:51,Rest,70,99
02:52,02:52,Rest,72,99
02:53,02:53,Rest,72,99
02:54,02:54,Rest,72,99
02:55,02:55,Rest,72,99
02:56,02:56,Rest,72,99
02:57,02:57,Rest,77,99
02:58,02:58,Rest,82,99
02:59,02:59,Rest,85,99
03:00,00:00,Apnea,84,99
03:01,00:01,Apnea,84,99
03:02,00:02,Apnea,84,99
03:03,00:03,Apnea,84,99
03:04,00:04,Apnea,84,99
03:05,00:05,Apnea,84,99
03:06,00:06,Apnea,84,99
03:18,00:18,Apnea,71,96
03:19,00:19,Apnea,71,96
03:20,00:20,Apnea,71,96
03:21,00:21,Apnea,71,96
03:22,00:22,Apnea,71,96
03:23,00:23,Apnea,71,96
03:24,00:24,Apnea,71,96
03:25,00:25,Apnea,71,96
03:26,00:26,Apnea,71,96
03:27,00:27,Apnea,70,96
03:28,00:28,Apnea,69,96
03:29,00:29,Apnea,67,96
03:30,00:30,Apnea,65,96
03:31,00:31,Apnea,64,96
03:32,00:32,Apnea,63,97
03:33,00:33,Apnea,62,97
03:34,00:34,Apnea,61,97
03:35,00:35,Apnea,61,97
03:36,00:36,Apnea,61,98
03:37,00:37,Apnea,62,98
03:38,00:38,Apnea,64,98
03:39,00:39,Apnea,66,98
03:40,00:40,Apnea,67,98
03:41,00:41,Apnea,68,98
03:42,00:42,Apnea,68,99
03:43,00:43,Apnea,71,99
03:44,00:44,Apnea,73,99
03:45,00:45,Apnea,74,99
03:46,00:46,Apnea,75,99
03:47,00:47,Apnea,74,99
03:48,00:48,Apnea,76,99
03:49,00:49,Apnea,75,99
03:50,00:50,Apnea,73,99
03:51,00:51,Apnea,71,99
03:52,00:52,Apnea,71,99
03:53,00:53,Apnea,70,99
03:54,00:54,Apnea,70,99
03:55,00:55,Apnea,70,99
03:56,00:56,Apnea,70,99
03:57,00:57,Apnea,70,99
03:58,00:58,Apnea,72,99
03:59,00:59,Apnea,72,99
04:00,01:00,Apnea,73,99
04:01,01:01,Apnea,73,99
04:02,01:02,Apnea,72,99
04:03,01:03,Apnea,72,99
04:04,01:04,Apnea,72,99
04:05,01:05,Apnea,72,99
04:06,01:06,Apnea,73,99
04:07,01:07,Apnea,73,99
04:08,01:08,Apnea,73,99
04:09,01:09,Apnea,74,99
04:10,01:10,Apnea,76,99
04:11,01:11,Apnea,76,99
04:12,01:12,Apnea,77,99
04:13,01:13,Apnea,78,99
04:14,01:14,Apnea,78,99
04:15,01:15,Apnea,77,99
04:16,01:16,Apnea,74,99
04:17,01:17,Apnea,75,99
04:18,01:18,Apnea,75,99
04:19,01:19,Apnea,75,99
04:20,01:20,Apnea,76,99
04:21,01:21,Apnea,76,99
04:22,01:22,Apnea,76,99
04:23,01:23,Apnea,78,99
04:24,01:24,Apnea,78,99
04:25,01:25,Apnea,78,99
04:26,01:26,Apnea,78,99
04:27,01:27,Apnea,80,99
04:28,01:28,Apnea,79,99
04:29,01:29,Apnea,78,99
04:30,01:30,Apnea,78,99
04:31,01:31,Apnea,78,99
04:32,01:32,Apnea,78,99
04:33,01:33,Apnea,77,99
04:34,01:34,Apnea,74,99
04:35,01:35,Apnea,74,99
04:36,01:36,Apnea,73,99
04:37,01:37,Apnea,71,99
04:38,01:38,Apnea,69,99
04:39,01:39,Apnea,68,99
04:40,01:40,Apnea,68,99
04:41,01:41,Apnea,68,99
04:42,01:42,Apnea,68,99
04:43,01:43,Apnea,69,99
04:44,01:44,Apnea,70,99
04:45,01:45,Apnea,70,99
04:46,01:46,Apnea,70,99
04:47,01:47,Apnea,69,99
04:48,01:48,Apnea,69,99
04:49,01:49,Apnea,69,99
04:50,01:50,Apnea,68,99
04:51,01:51,Apnea,68,99
04:52,01:52,Apnea,68,99
04:53,01:53,Apnea,68,99
04:54,01:54,Apnea,68,99
04:55,01:55,Apnea,69,99
04:56,01:56,Apnea,70,99
04:57,01:57,Apnea,70,99
04:58,01:58,Apnea,70,99
04:59,01:59,Apnea,70,99
05:00,02:00,Apnea,71,99
05:01,02:01,Apnea,71,99
05:02,02:02,Apnea,72,99
05:03,02:03,Apnea,74,99
05:04,02:04,Apnea,74,99
05:05,02:05,Apnea,75,99
05:06,02:06,Apnea,75,99
05:07,02:07,Apnea,76,99
05:08,02:08,Apnea,76,99
05:09,02:09,Apnea,76,99
05:10,02:10,Apnea,76,99
05:11,02:11,Apnea,74,99
05:12,02:12,Apnea,74,99
05:13,02:13,Apnea,73,99
05:14,02:14,Apnea,73,99
05:15,02:15,Apnea,74,99
05:16,02:16,Apnea,76,99
05:17,02:17,Apnea,81,99
05:18,02:18,Apnea,81,99
05:19,02:19,Apnea,81,99
05:20,02:20,Apnea,81,99
05:21,02:21,Apnea,81,99
05:22,02:22,Apnea,80,99
05:23,02:23,Apnea,80,99
05:24,02:24,Apnea,81,99
05:25,02:25,Apnea,83,99
05:26,02:26,Apnea,83,99
05:27,02:27,Apnea,83,99
05:28,02:28,Apnea,85,99
05:29,02:29,Apnea,91,98
05:30,02:30,Apnea,94,98
05:31,02:31,Apnea,96,98
05:32,02:32,Apnea,101,98
05:33,02:33,Apnea,102,98
05:34,02:34,Apnea,101,98
05:35,02:35,Apnea,98,98
05:36,02:36,Apnea,97,98
05:37,02:37,Apnea,95,98
05:38,02:38,Apnea,94,98
05:39,02:39,Apnea,94,98
05:40,02:40,Apnea,94,98
05:41,02:41,Apnea,93,98
05:42,02:42,Apnea,93,98
05:43,02:43,Apnea,93,98
05:44,02:44,Apnea,94,98
05:45,02:45,Apnea,97,98
05:46,02:46,Apnea,98,98
05:47,02:47,Apnea,98,98
05:48,02:48,Apnea,96,98
05:49,02:49,Apnea,93,98
05:50,02:50,Apnea,91,98
05:51,02:51,Apnea,88,98
05:52,02:52,Apnea,89,98
05:53,02:53,Apnea,89,97
05:54,02:54,Apnea,89,97
05:56,02:56,Apnea,89,97
05:58,02:58,Apnea,89,97
05:59,02:59,Apnea,89,97
06:00,00:00,Rest,89,97
06:01,00:01,Rest,89,97
06:03,00:03,Rest,90,97
06:04,00:04,Rest,90,97
06:05,00:05,Rest,90,97
06:06,00:06,Rest,90,97
06:07,00:07,Rest,90,97
06:08,00:08,Rest,90,97
06:09,00:09,Rest,87,97
06:11,00:11,Rest,87,97
06:12,00:12,Rest,87,97
06:13,00:13,Rest,87,97
06:14,00:14,Rest,87,97
06:15,00:15,Rest,89,96
06:16,00:16,Rest,91,96
06:17,00:17,Rest,91,96
06:18,00:18,Rest,91,96
06:19,00:19,Rest,91,96
06:20,00:20,Rest,91,96
06:21,00:21,Rest,94,96
06:22,00:22,Rest,94,95
06:23,00:23,Rest,95,95
06:24,00:24,Rest,96,95
06:25,00:25,Rest,95,94
06:26,00:26,Rest,94,94
06:27,00:27,Rest,92,94
06:28,00:28,Rest,91,93
06:29,00:29,Rest,90,93
06:30,00:30,Rest,90,93
06:31,00:31,Rest,92,93
06:32,00:32,Rest,92,93
06:33,00:33,Rest,92,93
06:34,00:34,Rest,92,93
06:35,00:35,Rest,92,93
06:36,00:36,Rest,92,93
06:37,00:37,Rest,89,94
06:38,00:38,Rest,87,94
06:39,00:39,Rest,88,96
06:40,00:40,Rest,86,97
06:41,00:41,Rest,86,97
06:42,00:42,Rest,86,97
06:43,00:43,Rest,86,97
06:44,00:44,Rest,86,97
06:45,00:45,Rest,86,97
06:46,00:46,Rest,86,97
06:47,00:47,Rest,84,97
06:48,00:48,Rest,84,98
06:49,00:49,Rest,84,98
06:50,00:50,Rest,84,98
06:51,00:51,Rest,84,98
06:52,00:52,Rest,80,99
06:53,00:53,Rest,76,99
06:54,00:54,Rest,72,99
06:55,00:55,Rest,72,99
06:56,00:56,Rest,66,99
06:57,00:57,Rest,61,99
06:58,00:58,Rest,58,99
06:59,00:59,Rest,52,99
07:00,01:00,Rest,52,99
07:01,01:01,Rest,52,99
07:02,01:02,Rest,51,99
07:03,01:03,Rest,51,99
07:04,01:04,Rest,52,99
07:05,01:05,Rest,52,99
07:06,01:06,Rest,52,99
07:07,01:07,Rest,52,99
07:08,01:08,Rest,53,99
07:09,01:09,Rest,54,99
07:10,01:10,Rest,55,99
07:11,01:11,Rest,56,99
07:12,01:12,Rest,57,99
07:13,01:13,Rest,57,99
07:14,01:14,Rest,57,99
07:15,01:15,Rest,57,99
07:16,01:16,Rest,57,99
07:17,01:17,Rest,56,99
07:18,01:18,Rest,55,99
07:19,01:19,Rest,55,99
07:20,01:20,Rest,56,99
07:21,01:21,Rest,56,99
07:22,01:22,Rest,56,99
07:23,01:23,Rest,56,99
07:24,01:24,Rest,56,99
07:25,01:25,Rest,55,99
07:26,01:26,Rest,57,99
07:27,01:27,Rest,58,99
07:28,01:28,Rest,59,99
07:29,01:29,Rest,60,99
07:30,01:30,Rest,61,99
07:31,01:31,Rest,61,99
07:32,01:32,Rest,62,99
07:33,01:33,Rest,62,99
07:34,01:34,Rest,64,99
07:35,01:35,Rest,64,99
07:36,01:36,Rest,64,99
07:37,01:37,Rest,64,99
07:38,01:38,Rest,64,99
07:39,01:39,Rest,63,99
07:40,01:40,Rest,63,99
07:41,01:41,Rest,64,99
07:42,01:42,Rest,63,99
07:43,01:43,Rest,63,99
07:44,01:44,Rest,62,99
07:45,01:45,Rest,62,99
07:46,01:46,Rest,63,99
07:47,01:47,Rest,65,99
07:48,01:48,Rest,65,99
07:49,01:49,Rest,65,99
07:50,01:50,Rest,65,99
07:51,01:51,Rest,65,99
07:52,01:52,Rest,64,99
07:53,01:53,Rest,62,99
07:54,01:54,Rest,61,99
07:55,01:55,Rest,61,99
07:56,01:56,Rest,61,99
07:57,01:57,Rest,61,99
07:58,01:58,Rest,61,99
07:59,01:59,Rest,61,99
08:00,02:00,Rest,58,99
08:01,02:01,Rest,58,99
08:02,02:02,Rest,57,99
08:03,02:03,Rest,56,99
08:04,02:04,Rest,56,99
08:05,02:05,Rest,57,99
08:06,02:06,Rest,58,99
08:07,02:07,Rest,58,99
08:08,02:08,Rest,60,99
08:09,02:09,Rest,60,99
08:10,02:10,Rest,60,99
08:11,02:11,Rest,60,99
08:12,02:12,Rest,60,99
08:13,02:13,Rest,60,99
08:14,02:14,Rest,61,99
08:15,02:15,Rest,62,99
08:16,02:16,Rest,62,99
08:17,02:17,Rest,62,99
08:18,02:18,Rest,61,99
08:19,02:19,Rest,61,99
08:20,02:20,Rest,61,99
08:21,02:21,Rest,61,99
08:22,02:22,Rest,61,99
08:23,02:23,Rest,61,99
08:24,02:24,Rest,60,99
08:25,02:25,Rest,59,99
08:26,02:26,Rest,58,99
08:27,02:27,Rest,60,99
08:28,02:28,Rest,60,99
08:29,02:29,Rest,60,99
08:30,02:30,Rest,62,99
08:31,02:31,Rest,62,99
08:32,02:32,Rest,62,99
08:33,02:33,Rest,62,99
08:34,02:34,Rest,61,99
08:35,02:35,Rest,62,99
08:36,02:36,Rest,62,99
08:37,02:37,Rest,63,99
08:38,02:38,Rest,63,99
08:39,02:39,Rest,63,99
08:40,02:40,Rest,62,99
08:41,02:41,Rest,63,99
08:42,02:42,Rest,63,99
08:43,02:43,Rest,63,99
08:44,02:44,Rest,63,99
08:45,02:45,Rest,63,99
08:46,02:46,Rest,63,99
08:47,02:47,Rest,63,99
08:48,02:48,Rest,63,99
08:49,02:49,Rest,63,99
08:50,02:50,Rest,63,99
08:51,02:51,Rest,62,99
08:52,02:52,Rest,61,99
08:53,02:53,Rest,61,99
08:54,02:54,Rest,61,99
08:55,02:55,Rest,61,99
08:56,02:56,Rest,61,99
08:57,02:57,Rest,63,99
08:58,02:58,Rest,70,99
08:59,02:59,Rest,73,99
09:00,00:00,Apnea,75,99
09:01,00:01,Apnea,78,99
09:02,00:02,Apnea,82,99
09:03,00:03,Apnea,85,99
09:04,00:04,Apnea,87,99
09:05,00:05,Apnea,87,99
09:06,00:06,Apnea,89,99
09:07,00:07,Apnea,88,99
09:08,00:08,Apnea,85,99
09:09,00:09,Apnea,85,99
09:10,00:10,Apnea,81,99
09:11,00:11,Apnea,76,99
09:12,00:12,Apnea,72,99
09:13,00:13,Apnea,69,99
09:14,00:14,Apnea,65,99
09:15,00:15,Apnea,62,99
09:16,00:16,Apnea,60,99
09:17,00:17,Apnea,59,99
09:18,00:18,Apnea,59,99
09:19,00:19,Apnea,59,99
09:20,00:20,Apnea,58,99
09:21,00:21,Apnea,58,99
09:22,00:22,Apnea,57,99
09:23,00:23,Apnea,57,99
09:24,00:24,Apnea,57,99
09:25,00:25,Apnea,57,99
09:26,00:26,Apnea,56,99
09:27,00:27,Apnea,56,99
09:28,00:28,Apnea,55,99
09:29,00:29,Apnea,54,99
09:30,00:30,Apnea,54,99
09:31,00:31,Apnea,52,99
09:32,00:32,Apnea,52,99
09:33,00:33,Apnea,52,99
09:34,00:34,Apnea,50,99
09:35,00:35,Apnea,50,99
09:36,00:36,Apnea,49,99
09:37,00:37,Apnea,49,99
09:38,00:38,Apnea,48,99
09:39,00:39,Apnea,47,99
09:40,00:40,Apnea,47,99
09:41,00:41,Apnea,47,99
09:42,00:42,Apnea,47,99
09:44,00:44,Apnea,48,99
09:45,00:45,Apnea,48,99
09:46,00:46,Apnea,48,99
09:47,00:47,Apnea,48,99
09:48,00:48,Apnea,49,99
09:50,00:50,Apnea,49,99
09:52,00:52,Apnea,49,99
09:53,00:53,Apnea,49,99
09:54,00:54,Apnea,49,99
09:55,00:55,Apnea,49,99
09:56,00:56,Apnea,49,99
09:57,00:57,Apnea,48,99
09:58,00:58,Apnea,48,99
09:59,00:59,Apnea,48,99
10:00,01:00,Apnea,48,99
10:01,01:01,Apnea,47,99
10:02,01:02,Apnea,48,99
10:03,01:03,Apnea,48,99
10:04,01:04,Apnea,49,99
10:05,01:05,Apnea,49,99
10:06,01:06,Apnea,50,99
10:07,01:07,Apnea,50,99
10:08,01:08,Apnea,50,99
10:09,01:09,Apnea,50,99
10:10,01:10,Apnea,50,99
10:11,01:11,Apnea,50,99
10:12,01:12,Apnea,50,99
10:13,01:13,Apnea,50,99
10:14,01:14,Apnea,50,99
10:15,01:15,Apnea,50,99
10:16,01:16,Apnea,49,99
10:17,01:17,Apnea,49,99
10:18,01:18,Apnea,49,98
10:19,01:19,Apnea,50,98
10:20,01:20,Apnea,51,98
10:21,01:21,Apnea,52,98
10:22,01:22,Apnea,52,98
10:23,01:23,Apnea,52,98
10:24,01:24,Apnea,52,98
10:25,01:25,Apnea,52,98
10:26,01:26,Apnea,52,98
10:27,01:27,Apnea,52,98
10:28,01:28,Apnea,52,98
10:29,01:29,Apnea,52,98
10:30,01:30,Apnea,52,98
10:31,01:31,Apnea,51,98
10:32,01:32,Apnea,51,98
10:33,01:33,Apnea,51,98
10:34,01:34,Apnea,51,98
10:35,01:35,Apnea,51,98
10:36,01:36,Apnea,51,97
10:37,01:37,Apnea,50,97
10:38,01:38,Apnea,50,97
10:39,01:39,Apnea,51,97
10:40,01:40,Apnea,51,97
10:41,01:41,Apnea,51,97
10:42,01:42,Apnea,51,97
10:43,01:43,Apnea,51,97
10:44,01:44,Apnea,51,96
10:45,01:45,Apnea,51,95
10:46,01:46,Apnea,50,94
10:47,01:47,Apnea,50,94
10:48,01:48,Apnea,49,93
10:49,01:49,Apnea,49,93
10:50,01:50,Apnea,49,92
10:51,01:51,Apnea,50,92
10:52,01:52,Apnea,51,92
10:53,01:53,Apnea,52,92
10:54,01:54,Apnea,52,91
10:55,01:55,Apnea,53,91
10:56,01:56,Apnea,54,91
10:57,01:57,Apnea,55,91
10:58,01:58,Apnea,55,90
10:59,01:59,Apnea,56,90
11:00,02:00,Apnea,57,89
11:01,02:01,Apnea,58,89
11:02,02:02,Apnea,59,88
11:03,02:03,Apnea,60,88
11:04,02:04,Apnea,60,88
11:05,02:05,Apnea,61,88
11:06,02:06,Apnea,62,88
11:07,02:07,Apnea,62,88
11:08,02:08,Apnea,62,88
11:09,02:09,Apnea,62,88
11:10,02:10,Apnea,61,88
11:11,02:11,Apnea,61,88
11:12,02:12,Apnea,62,88
11:13,02:13,Apnea,61,88
11:14,02:14,Apnea,60,88
11:15,00:00,Rest,60,88
11:16,00:01,Rest,60,88
11:17,00:02,Rest,60,88
11:18,00:03,Rest,60,88
11:19,00:04,Rest,60,88
11:20,00:05,Rest,60,88
11:21,00:06,Rest,60,88
11:22,00:07,Rest,61,87
11:23,00:08,Rest,61,87
11:24,00:09,Rest,61,87
11:25,00:10,Rest,61,86
11:26,00:11,Rest,61,84
11:27,00:12,Rest,61,82
11:28,00:13,Rest,63,82
11:29,00:14,Rest,64,82
11:30,00:15,Rest,66,79
11:31,00:16,Rest,66,78
11:32,00:17,Rest,66,78
11:33,00:18,Rest,66,78
11:34,00:19,Rest,66,78
11:35,00:20,Rest,66,78
11:36,00:21,Rest,66,78
11:37,00:22,Rest,66,78
11:38,00:23,Rest,69,78
11:39,00:24,Rest,69,78
11:40,00:25,Rest,71,78
11:41,00:26,Rest,71,78
11:42,00:27,Rest,70,78
11:43,00:28,Rest,69,78
11:44,00:29,Rest,71,78
11:45,00:30,Rest,73,78
11:46,00:31,Rest,76,79
11:47,00:32,Rest,79,79
11:48,00:33,Rest,86,79
11:49,00:34,Rest,86,79
11:50,00:35,Rest,86,79
11:51,00:36,Rest,86,79
11:52,00:37,Rest,86,79
11:53,00:38,Rest,87,79
11:54,00:39,Rest,88,79
11:55,00:40,Rest,89,83
11:56,00:41,Rest,88,86
11:57,00:42,Rest,85,91
11:58,00:43,Rest,85,91
11:59,00:44,Rest,85,91
12:00,00:45,Rest,85,91
12:01,00:46,Rest,79,91
12:02,00:47,Rest,75,94
12:03,00:48,Rest,73,97
12:04,00:49,Rest,71,99
12:05,00:50,Rest,69,100
12:06,00:51,Rest,67,100
12:07,00:52,Rest,65,100
12:08,00:53,Rest,66,100
12:09,00:54,Rest,66,100
12:10,00:55,Rest,66,100
12:11,00:56,Rest,66,100
12:12,00:57,Rest,65,99
12:13,00:58,Rest,63,99
12:14,00:59,Rest,61,99
12:15,01:00,Rest,59,99
12:16,01:01,Rest,59,99
12:17,01:02,Rest,58,99
12:18,01:03,Rest,58,99
12:19,01:04,Rest,58,99
12:20,01:05,Rest,58,99
12:21,01:06,Rest,58,99
12:22,01:07,Rest,57,99
12:23,01:08,Rest,56,99
12:24,01:09,Rest,57,99
12:25,01:10,Rest,58,99
12:26,01:11,Rest,58,99
12:27,01:12,Rest,59,99
12:28,01:13,Rest,59,99
12:29,01:14,Rest,59,99
12:30,01:15,Rest,59,99
12:31,01:16,Rest,59,99
12:32,01:17,Rest,57,99
12:33,01:18,Rest,56,99
12:34,01:19,Rest,55,99
12:35,01:20,Rest,56,99
12:36,01:21,Rest,56,99
12:37,01:22,Rest,56,99
12:38,01:23,Rest,56,99
12:39,01:24,Rest,56,99
12:40,01:25,Rest,56,99
12:41,01:26,Rest,56,99
12:42,01:27,Rest,55,99
12:43,01:28,Rest,54,99
12:44,01:29,Rest,54,99
12:45,01:30,Rest,54,99
12:46,01:31,Rest,54,99
12:47,01:32,Rest,54,99
12:48,01:33,Rest,54,99
12:49,01:34,Rest,54,99
12:50,01:35,Rest,55,99
12:51,01:36,Rest,55,99
12:52,01:37,Rest,55,99
12:53,01:38,Rest,56,99
12:54,01:39,Rest,57,99
12:55,01:40,Rest,57,99
12:57,01:42,Rest,57,99
12:59,01:44,Rest,57,99
13:01,01:46,Rest,57,99
13:02,01:47,Rest,57,99
13:03,01:48,Rest,57,99
13:04,01:49,Rest,58,99
13:05,01:50,Rest,58,99
13:06,01:51,Rest,58,99
13:07,01:52,Rest,58,99
13:08,01:53,Rest,60,99
13:09,01:54,Rest,61,99
13:10,01:55,Rest,61,99
13:11,01:56,Rest,61,99
13:12,01:57,Rest,60,99
13:13,01:58,Rest,61,99
13:14,01:59,Rest,62,99
13:15,02:00,Rest,62,99
13:16,02:01,Rest,62,99
13:17,02:02,Rest,62,99
13:18,02:03,Rest,65,99
13:19,02:04,Rest,66,99
13:20,02:05,Rest,66,99
13:21,02:06,Rest,66,99
13:22,02:07,Rest,66,99
13:23,02:08,Rest,65,99
13:24,02:09,Rest,66,99
13:25,02:10,Rest,70,99
13:26,02:11,Rest,74,99
13:27,02:12,Rest,73,99
13:28,02:13,Rest,73,99
13:29,02:14,Rest,75,99
13:30,02:15,Rest,75,99
13:31,02:16,Rest,75,99
13:32,02:17,Rest,75,99
13:33,02:18,Rest,73,99
13:34,02:19,Rest,70,99
13:35,02:20,Rest,69,99
13:36,02:21,Rest,69,99
13:37,02:22,Rest,69,99
13:38,02:23,Rest,70,99
13:39,02:24,Rest,71,99
13:40,02:25,Rest,71,99
13:41,02:26,Rest,71,99
13:42,02:27,Rest,71,99
13:43,02:28,Rest,70,99
13:44,02:29,Rest,70,99
13:45,02:30,Rest,71,99
13:46,02:31,Rest,72,99
13:47,02:32,Rest,72,99
13:48,02:33,Rest,71,99
13:49,02:34,Rest,71,99
13:50,02:35,Rest,71,99
13:51,02:36,Rest,71,99
13:52,02:37,Rest,71,99
13:53,02:38,Rest,70,99
13:54,02:39,Rest,72,99
13:55,02:40,Rest,76,99
13:56,02:41,Rest,76,99
13:57,02:42,Rest,75,99
13:58,02:43,Rest,75,99
13:59,02:44,Rest,75,99
14:00,02:45,Rest,75,99
14:01,02:46,Rest,78,99
14:02,02:47,Rest,78,99
14:03,02:48,Rest,78,99
14:04,02:49,Rest,79,99
14:05,02:50,Rest,80,99
14:06,02:51,Rest,81,99
14:07,02:52,Rest,82,99
14:08,02:53,Rest,82,99
14:09,02:54,Rest,82,99
14:10,02:55,Rest,82,99
14:11,02:56,Rest,82,99
14:12,02:57,Rest,84,99
14:13,02:58,Rest,86,99
14:14,02:59,Rest,89,99
14:15,00:00,Apnea,89,99
14:16,00:01,Apnea,94,99
14:17,00:02,Apnea,101,99
14:18,00:03,Apnea,103,99
14:19,00:04,Apnea,104,99
14:20,00:05,Apnea,104,99
14:21,00:06,Apnea,104,99
14:22,00:07,Apnea,104,99
14:23,00:08,Apnea,104,99
14:24,00:09,Apnea,104,99
14:25,00:10,Apnea,104,99
14:26,00:11,Apnea,104,99
14:27,00:12,Apnea,104,99
14:28,00:13,Apnea,104,99
14:29,00:14,Apnea,95,99
14:30,00:15,Apnea,87,99
14:31,00:16,Apnea,87,99
14:32,00:17,Apnea,78,99
14:33,00:18,Apnea,72,99
14:34,00:19,Apnea,66,99
14:35,00:20,Apnea,61,99
14:36,00:21,Apnea,57,99
14:37,00:22,Apnea,54,99
14:38,00:23,Apnea,53,99
14:39,00:24,Apnea,53,99
14:40,00:25,Apnea,53,99
14:41,00:26,Apnea,52,99
14:42,00:27,Apnea,51,100
14:43,00:28,Apnea,51,100
14:44,00:29,Apnea,51,100
14:45,00:30,Apnea,51,100
14:46,00:31,Apnea,52,100
14:47,00:32,Apnea,52,100
14:48,00:33,Apnea,52,100
14:49,00:34,Apnea,52,100
14:50,00:35,Apnea,53,100
14:51,00:36,Apnea,53,99
14:52,00:37,Apnea,54,99
14:53,00:38,Apnea,54,99
14:54,00:39,Apnea,54,99
14:55,00:40,Apnea,55,99
14:56,00:41,Apnea,55,99
14:57,00:42,Apnea,56,99
14:58,00:43,Apnea,56,99
14:59,00:44,Apnea,57,99
15:00,00:45,Apnea,57,99
15:01,00:46,Apnea,57,99
15:02,00:47,Apnea,57,99
15:03,00:48,Apnea,57,99
15:04,00:49,Apnea,58,99
15:05,00:50,Apnea,58,99
15:06,00:51,Apnea,59,99
15:07,00:52,Apnea,59,99
15:08,00:53,Apnea,60,99
15:09,00:54,Apnea,61,99
15:10,00:55,Apnea,61,99
15:11,00:56,Apnea,62,99
15:12,00:57,Apnea,62,99
15:13,00:58,Apnea,62,99
15:14,00:59,Apnea,62,99
15:15,01:00,Apnea,62,99
15:16,01:01,Apnea,62,99
15:17,01:02,Apnea,62,99
15:18,01:03,Apnea,62,99
15:19,01:04,Apnea,62,99
15:20,01:05,Apnea,62,99
15:21,01:06,Apnea,62,99
15:22,01:07,Apnea,62,98
15:23,01:08,Apnea,62,98
15:24,01:09,Apnea,63,98
15:25,01:10,Apnea,63,98
15:26,01:11,Apnea,64,98
15:27,01:12,Apnea,64,98
15:28,01:13,Apnea,63,98
15:29,01:14,Apnea,63,98
15:30,01:15,Apnea,62,98
15:31,01:16,Apnea,62,97
15:32,01:17,Apnea,61,97
15:33,01:18,Apnea,61,97
15:34,01:19,Apnea,60,97
15:35,01:20,Apnea,61,97
15:36,01:21,Apnea,61,97
15:37,01:22,Apnea,62,97
15:38,01:23,Apnea,62,97
15:39,01:24,Apnea,64,97
15:40,01:25,Apnea,64,97
15:41,01:26,Apnea,65,97
15:42,01:27,Apnea,65,97
15:43,01:28,Apnea,65,95
15:44,01:29,Apnea,67,94
15:45,01:30,Apnea,68,92
15:46,01:31,Apnea,69,91
15:47,01:32,Apnea,71,89
15:48,01:33,Apnea,73,87
15:49,01:34,Apnea,75,86
15:50,01:35,Apnea,76,86
15:51,01:36,Apnea,75,85
15:52,01:37,Apnea,75,85
15:53,01:38,Apnea,74,85
15:54,01:39,Apnea,74,85
15:55,01:40,Apnea,74,84
15:56,01:41,Apnea,75,84
15:57,01:42,Apnea,75,84
15:58,01:43,Apnea,75,84
15:59,01:44,Apnea,76,84
16:01,01:46,Apnea,77,83
16:02,01:47,Apnea,78,82
16:04,01:49,Apnea,77,81
16:06,01:51,Apnea,78,80
16:08,01:53,Apnea,78,78
16:09,01:54,Apnea,78,77
16:10,01:55,Apnea,78,76
16:11,01:56,Apnea,78,75
16:12,01:57,Apnea,78,73
16:13,01:58,Apnea,77,71
16:14,01:59,Apnea,77,70
16:15,02:00,Apnea,77,69
16:16,02:01,Apnea,78,68
16:17,02:02,Apnea,79,68
16:18,02:03,Apnea,79,67
16:19,02:04,Apnea,79,67
16:20,02:05,Apnea,79,66
16:21,02:06,Apnea,80,65
16:22,02:07,Apnea,80,65
16:23,02:08,Apnea,81,63
16:24,02:09,Apnea,81,61
16:25,00:00,Rest,82,58
16:26,00:01,Rest,83,57
16:27,00:02,Rest,85,56
16:28,00:03,Rest,85,55
16:29,00:04,Rest,86,54
16:30,00:05,Rest,88,53
16:31,00:06,Rest,89,53
16:32,00:07,Rest,89,53
16:33,00:08,Rest,89,53
16:34,00:09,Rest,89,52
16:35,00:10,Rest,89,52
16:36,00:11,Rest,89,52
16:37,00:12,Rest,86,53
16:38,00:13,Rest,89,53
16:39,00:14,Rest,89,53
16:40,00:15,Rest,91,54
16:41,00:16,Rest,92,55
16:42,00:17,Rest,94,55
16:43,00:18,Rest,94,56
16:44,00:19,Rest,94,56
16:45,00:20,Rest,94,56
16:46,00:21,Rest,94,56
16:47,00:22,Rest,95,56
16:48,00:23,Rest,96,56
16:49,00:24,Rest,96,56
16:50,00:25,Rest,96,56
16:51,00:26,Rest,96,56
16:52,00:27,Rest,96,56
16:53,00:28,Rest,97,55
16:54,00:29,Rest,97,55
16:55,00:30,Rest,97,55
16:56,00:31,Rest,97,55
16:57,00:32,Rest,97,55
16:58,00:33,Rest,97,55
16:59,00:34,Rest,97,55
17:00,00:35,Rest,94,55
17:01,00:36,Rest,93,55
17:02,00:37,Rest,91,59
17:03,00:38,Rest,89,64
17:04,00:39,Rest,89,64
17:05,00:40,Rest,89,64
17:06,00:41,Rest,89,64
17:07,00:42,Rest,83,70
17:08,00:43,Rest,77,76
17:09,00:44,Rest,75,85
17:10,00:45,Rest,75,87
17:11,00:46,Rest,73,96
17:12,00:47,Rest,73,96
17:13,00:48,Rest,73,96
17:14,00:49,Rest,70,99
17:15,00:50,Rest,68,100
17:16,00:51,Rest,68,100
17:17,00:52,Rest,68,100
17:18,00:53,Rest,65,100
17:19,00:54,Rest,67,100
17:20,00:55,Rest,68,100
17:21,00:56,Rest,67,100
17:22,00:57,Rest,67,100
17:23,00:58,Rest,66,100
17:24,00:59,Rest,65,100
17:25,01:00,Rest,64,100
17:26,01:01,Rest,63,100
17:27,01:02,Rest,63,100
17:28,01:03,Rest,62,100
17:29,01:04,Rest,62,100
17:30,01:05,Rest,62,100
17:31,01:06,Rest,62,100
17:32,01:07,Rest,62,100
17:33,01:08,Rest,60,100
17:34,01:09,Rest,57,100
17:35,01:10,Rest,55,100
17:36,01:11,Rest,55,100
17:37,01:12,Rest,55,100
17:38,01:13,Rest,55,100
17:39,01:14,Rest,55,100
17:40,01:15,Rest,55,100
17:41,01:16,Rest,55,100
17:42,01:17,Rest,54,100
17:43,01:18,Rest,54,100
17:44,01:19,Rest,55,100
17:45,01:20,Rest,56,100
17:46,01:21,Rest,57,100
17:47,01:22,Rest,58,100
17:48,01:23,Rest,58,100
17:49,01:24,Rest,58,100
17:50,01:25,Rest,58,100
17:51,01:26,Rest,58,100
17:52,01:27,Rest,58,100
17:53,01:28,Rest,59,100
17:54,01:29,Rest,59,100
17:55,01:30,Rest,59,100
17:56,01:31,Rest,59,100
17:57,01:32,Rest,59,100
17:58,01:33,Rest,59,100
17:59,01:34,Rest,59,100
18:00,01:35,Rest,59,100
18:01,01:36,Rest,60,100
18:02,01:37,Rest,61,100
18:03,01:38,Rest,61,100
18:04,01:39,Rest,62,100
18:05,01:40,Rest,62,100
18:06,01:41,Rest,62,99
18:07,01:42,Rest,62,99
18:08,01:43,Rest,62,99
18:09,01:44,Rest,62,99
18:10,01:45,Rest,62,99
18:11,01:46,Rest,61,99
18:12,01:47,Rest,62,100
18:13,01:48,Rest,63,100
18:14,01:49,Rest,63,100
18:15,01:50,Rest,65,99
18:16,01:51,Rest,67,99
18:17,01:52,Rest,69,99
18:18,01:53,Rest,72,99
18:19,01:54,Rest,74,99
18:20,01:55,Rest,75,99
18:21,01:56,Rest,77,99
18:22,01:57,Rest,77,99
18:23,01:58,Rest,77,99
18:24,01:59,Rest,77,99
18:25,02:00,Rest,77,99
18:26,02:01,Rest,75,99
18:27,02:02,Rest,74,99
18:28,02:03,Rest,73,99
18:29,02:04,Rest,73,99
18:30,02:05,Rest,73,99
18:31,02:06,Rest,73,99
18:32,02:07,Rest,73,99
18:33,02:08,Rest,73,99
18:34,02:09,Rest,72,99
18:35,02:10,Rest,71,99
18:36,02:11,Rest,70,99
18:37,02:12,Rest,70,99
18:38,02:13,Rest,70,99
18:39,02:14,Rest,70,99
18:40,02:15,Rest,70,99
18:41,02:16,Rest,74,99
18:42,02:17,Rest,74,99
18:43,02:18,Rest,74,99
18:44,02:19,Rest,74,99
18:45,02:20,Rest,74,99
18:46,02:21,Rest,74,99
18:47,02:22,Rest,74,99
18:48,02:23,Rest,77,99
18:49,02:24,Rest,81,99
18:50,02:25,Rest,83,99
18:51,02:26,Rest,87,99
18:52,02:27,Rest,89,99
18:53,02:28,Rest,89,99
18:54,02:29,Rest,89,99
18:55,02:30,Rest,89,99
18:56,02:31,Rest,89,99
18:57,02:32,Rest,86,99
18:58,02:33,Rest,85,99
18:59,02:34,Rest,85,99
19:00,02:35,Rest,85,99
19:01,02:36,Rest,84,99
19:02,02:37,Rest,85,99
19:03,02:38,Rest,83,99
19:05,02:40,Rest,80,99
19:06,02:41,Rest,72,99
19:07,02:42,Rest,68,99
19:08,02:43,Rest,67,99
19:09,02:44,Rest,67,99
19:10,02:45,Rest,67,99
19:11,02:46,Rest,67,99
19:12,02:47,Rest,67,99
19:14,02:49,Rest,69,99
19:15,02:50,Rest,70,99
19:16,02:51,Rest,71,99
19:17,02:52,Rest,76,99
19:18,02:53,Rest,79,99
19:19,02:54,Rest,82,99
19:20,02:55,Rest,83,99
19:21,02:56,Rest,89,99
19:22,02:57,Rest,98,99
19:23,02:58,Rest,101,99
19:24,02:59,Rest,99,99
19:25,00:00,Apnea,97,99
19:26,00:01,Apnea,97,99
19:27,00:02,Apnea,97,99
19:28,00:03,Apnea,98,99
19:29,00:04,Apnea,100,99
19:30,00:05,Apnea,100,99
19:31,00:06,Apnea,104,99
19:32,00:07,Apnea,104,99
19:33,00:08,Apnea,104,99
19:34,00:09,Apnea,104,99
19:35,00:10,Apnea,100,99
19:36,00:11,Apnea,97,99
19:37,00:12,Apnea,94,99
19:38,00:13,Apnea,88,99
19:39,00:14,Apnea,85,99
19:40,00:15,Apnea,82,99
19:41,00:16,Apnea,78,99
19:42,00:17,Apnea,76,99
19:43,00:18,Apnea,74,99
19:44,00:19,Apnea,74,99
19:45,00:20,Apnea,74,99
19:46,00:21,Apnea,73,99
19:47,00:22,Apnea,73,99
19:48,00:23,Apnea,72,99
19:49,00:24,Apnea,71,99
19:50,00:25,Apnea,70,99
19:51,00:26,Apnea,70,99
19:52,00:27,Apnea,70,99
19:53,00:28,Apnea,70,100
19:54,00:29,Apnea,70,100
19:55,00:30,Apnea,70,100
19:56,00:31,Apnea,68,100
19:57,00:32,Apnea,67,100
19:58,00:33,Apnea,67,100
19:59,00:34,Apnea,67,100
20:00,00:35,Apnea,66,100
20:01,00:36,Apnea,65,100
20:02,00:37,Apnea,63,100
20:03,00:38,Apnea,62,100
20:04,00:39,Apnea,61,99
20:05,00:40,Apnea,61,99
20:06,00:41,Apnea,60,99
20:07,00:42,Apnea,58,99
20:08,00:43,Apnea,58,99
20:09,00:44,Apnea,57,99
20:10,00:45,Apnea,57,99
20:11,00:46,Apnea,58,99
20:12,00:47,Apnea,58,99
20:13,00:48,Apnea,57,99
20:14,00:49,Apnea,57,99
20:15,00:50,Apnea,58,99
20:16,00:51,Apnea,58,99
20:17,00:52,Apnea,58,99
20:18,00:53,Apnea,58,99
20:19,00:54,Apnea,57,99
20:20,00:55,Apnea,56,99
20:21,00:56,Apnea,56,99
20:22,00:57,Apnea,56,99
20:23,00:58,Apnea,56,98
20:24,00:59,Apnea,55,98
20:25,01:00,Apnea,55,98
20:26,01:01,Apnea,55,98
20:27,01:02,Apnea,54,98
20:28,01:03,Apnea,54,98
20:29,01:04,Apnea,54,98
20:30,01:05,Apnea,53,98
20:31,01:06,Apnea,53,98
20:32,01:07,Apnea,54,98
20:33,01:08,Apnea,54,98
20:34,01:09,Apnea,54,98
20:35,01:10,Apnea,54,98
20:36,01:11,Apnea,54,98
20:37,01:12,Apnea,54,98
20:38,01:13,Apnea,54,98
20:39,01:14,Apnea,54,97
20:40,01:15,Apnea,55,97
20:41,01:16,Apnea,55,95
20:42,01:17,Apnea,56,94
20:43,01:18,Apnea,56,92
20:44,01:19,Apnea,57,92
20:45,01:20,Apnea,58,90
20:46,01:21,Apnea,59,89
20:47,01:22,Apnea,60,88
20:48,01:23,Apnea,61,87
20:49,01:24,Apnea,61,87
20:50,01:25,Apnea,61,87
20:51,01:26,Apnea,62,86
20:52,01:27,Apnea,62,86
20:53,01:28,Apnea,64,86
20:54,01:29,Apnea,65,85
20:55,01:30,Apnea,66,85
20:56,01:31,Apnea,66,85
20:57,01:32,Apnea,66,85
20:58,01:33,Apnea,66,85
20:59,01:34,Apnea,67,85
21:00,01:35,Apnea,70,85
21:01,01:36,Apnea,69,85
21:02,01:37,Apnea,69,85
21:03,01:38,Apnea,67,85
21:04,01:39,Apnea,67,85
21:05,01:40,Apnea,68,86
21:06,01:41,Apnea,70,86
21:07,01:42,Apnea,71,86
21:08,01:43,Apnea,71,85
21:09,01:44,Apnea,72,85
21:10,01:45,Apnea,74,84
21:11,01:46,Apnea,75,84
21:12,01:47,Apnea,73,84
21:13,01:48,Apnea,72,84
21:14,01:49,Apnea,71,83
21:15,01:50,Apnea,71,83
21:16,01:51,Apnea,73,83
21:17,01:52,Apnea,74,83
21:18,01:53,Apnea,74,83
21:19,01:54,Apnea,75,83
21:20,01:55,Apnea,76,83
21:21,01:56,Apnea,76,83
21:22,01:57,Apnea,77,83
21:23,01:58,Apnea,77,83
21:24,01:59,Apnea,77,83
21:25,02:00,Apnea,77,83
21:26,02:01,Apnea,76,83
21:27,02:02,Apnea,77,83
21:28,02:03,Apnea,78,82
21:29,02:04,Apnea,79,82
21:30,02:05,Apnea,80,81
21:31,02:06,Apnea,82,80
21:32,02:07,Apnea,85,79
21:33,02:08,Apnea,85,79
21:34,02:09,Apnea,83,77
21:35,02:10,Apnea,83,76
21:36,02:11,Apnea,83,76
21:37,02:12,Apnea,81,75
21:38,02:13,Apnea,80,75
21:39,02:14,Apnea,82,75
21:40,02:15,Apnea,82,75
21:41,02:16,Apnea,83,75
21:42,02:17,Apnea,83,75
21:43,02:18,Apnea,84,75
21:44,02:19,Apnea,85,73
21:45,02:20,Apnea,85,71
21:46,02:21,Apnea,86,69
21:47,02:22,Apnea,86,64
21:48,02:23,Apnea,86,62
21:49,02:24,Apnea,84,56
21:50,02:25,Apnea,83,53
21:51,02:26,Apnea,82,51
21:52,02:27,Apnea,82,48
21:53,02:28,Apnea,82,47
21:54,02:29,Apnea,82,46
21:55,02:30,Apnea,82,45
21:56,02:31,Apnea,82,44
21:57,02:32,Apnea,81,44
21:58,02:33,Apnea,81,44
21:59,02:34,Apnea,80,44
22:00,02:35,Apnea,78,44
22:01,02:36,Apnea,79,44
22:02,02:37,Apnea,80,44
22:03,02:38,Apnea,80,44
22:04,02:39,Apnea,80,44
22:05,02:40,Apnea,81,44
22:06,02:41,Apnea,81,43
22:07,02:42,Apnea,81,43
22:08,02:43,Apnea,79,43
22:09,02:44,Apnea,79,43
22:10,02:45,Apnea,81,43
22:11,02:46,Apnea,81,42
22:12,02:47,Apnea,82,42
22:13,02:48,Apnea,82,41
22:14,02:49,Apnea,82,41
22:15,02:50,Apnea,80,41
22:16,02:51,Apnea,80,41
22:17,02:52,Apnea,80,41
22:18,02:53,Apnea,80,41
22:19,02:54,Apnea,79,40
22:20,02:55,Apnea,76,40
22:21,02:56,Apnea,76,40
22:22,02:57,Apnea,76,40
22:23,02:58,Apnea,76,40
22:24,02:59,Apnea,76,40
22:26,03:01,Apnea,76,40
22:28,03:03,Apnea,76,40
22:29,03:04,Apnea,76,40
22:30,03:05,Apnea,76,40
22:31,03:06,Apnea,76,40
22:32,03:07,Apnea,76,40
22:33,03:08,Apnea,70,40
22:34,03:09,Apnea,65,40
22:35,03:10,Apnea,65,40
22:36,03:11,Apnea,62,40
22:37,03:12,Apnea,59,40
22:38,03:13,Apnea,56,40
22:39,03:14,Apnea,52,41
22:40,03:15,Apnea,50,41
22:41,03:16,Apnea,50,44
22:42,03:17,Apnea,49,52
22:43,03:18,Apnea,49,63
22:44,03:19,Apnea,48,63
22:45,03:20,Apnea,48,74
22:46,03:21,Apnea,48,81
22:47,03:22,Apnea,48,85
22:48,03:23,Apnea,47,87
22:49,03:24,Apnea,47,87
22:50,03:25,Apnea,47,88
22:51,03:26,Apnea,47,89
22:52,03:27,Apnea,48,90
22:53,03:28,Apnea,48,92
22:54,03:29,Apnea,49,93
22:55,03:30,Apnea,48,93
22:56,03:31,Apnea,48,95
22:57,03:32,Apnea,48,96
22:58,03:33,Apnea,47,96
22:59,03:34,Apnea,47,96
23:00,03:35,Apnea,47,96
23:01,03:36,Apnea,47,95
23:02,03:37,Apnea,47,94
23:03,03:38,Apnea,48,93
23:04,03:39,Apnea,49,92
23:05,03:40,Apnea,50,92
23:06,03:41,Apnea,50,92
23:07,03:42,Apnea,50,91
23:08,03:43,Apnea,51,91
23:09,03:44,Apnea,52,91
23:10,03:45,Apnea,52,90
23:11,03:46,Apnea,52,88
23:12,03:47,Apnea,52,87
23:13,03:48,Apnea,53,86
23:14,03:49,Apnea,54,86
23:15,03:50,Apnea,54,84
23:16,03:51,Apnea,55,83
23:17,03:52,Apnea,56,82
23:18,03:53,Apnea,56,81
23:19,03:54,Apnea,57,80
23:20,03:55,Apnea,58,80
23:21,03:56,Apnea,58,79
23:22,03:57,Apnea,59,78
23:23,03:58,Apnea,60,77
23:24,03:59,Apnea,61,75
23:25,04:00,Apnea,61,74
23:26,04:01,Apnea,61,73
23:27,00:00,Rest,63,72
23:28,00:01,Rest,63,72
23:29,00:02,Rest,64,71
23:30,00:03,Rest,64,71
23:31,00:04,Rest,64,71
23:32,00:05,Rest,64,71
23:33,00:06,Rest,64,71
23:34,00:07,Rest,65,71
23:35,00:08,Rest,67,70
23:36,00:09,Rest,67,69
23:37,00:10,Rest,67,68
23:38,00:11,Rest,69,66
23:39,00:12,Rest,70,66
23:40,00:13,Rest,70,66
23:41,00:14,Rest,72,65
23:42,00:15,Rest,71,65
23:43,00:16,Rest,71,65
23:44,00:17,Rest,71,65
23:45,00:18,Rest,71,65
23:46,00:19,Rest,68,65
23:47,00:20,Rest,67,64
23:48,00:21,Rest,67,64
23:49,00:22,Rest,69,64
23:50,00:23,Rest,71,64
23:51,00:24,Rest,71,62
23:52,00:25,Rest,71,62
23:53,00:26,Rest,71,62
23:54,00:27,Rest,74,62
23:55,00:28,Rest,77,61
23:56,00:29,Rest,87,61
23:57,00:30,Rest,90,61
23:58,00:31,Rest,92,60
23:59,00:32,Rest,93,60
24:00,00:33,Rest,93,60
24:01,00:34,Rest,93,60
24:02,00:35,Rest,93,60
24:03,00:36,Rest,93,60
24:04,00:37,Rest,92,60
24:05,00:38,Rest,90,59
24:06,00:39,Rest,89,59
24:07,00:40,Rest,87,59
24:08,00:41,Rest,85,59
24:09,00:42,Rest,85,59
24:10,00:43,Rest,85,59
24:11,00:44,Rest,85,59
24:12,00:45,Rest,85,59
24:13,00:46,Rest,79,59
24:14,00:47,Rest,76,59
24:15,00:48,Rest,75,69
24:16,00:49,Rest,73,76
24:17,00:50,Rest,73,76
24:18,00:51,Rest,73,76
24:19,00:52,Rest,73,76
24:20,00:53,Rest,73,76
24:21,00:54,Rest,69,81
24:22,00:55,Rest,67,91
24:23,00:56,Rest,66,97
24:24,00:57,Rest,66,97
24:25,00:58,Rest,68,99
24:26,00:59,Rest,68,99
24:27,01:00,Rest,68,99
24:28,01:01,Rest,69,99
24:29,01:02,Rest,69,99
24:30,01:03,Rest,69,99
24:31,01:04,Rest,67,100
24:32,01:05,Rest,67,100
24:33,01:06,Rest,71,100
24:34,01:07,Rest,71,100
24:35,01:08,Rest,71,100
24:36,01:09,Rest,71,100
24:37,01:10,Rest,71,100
24:38,01:11,Rest,71,100
24:39,01:12,Rest,69,100
24:40,01:13,Rest,67,100
24:41,01:14,Rest,66,100
24:42,01:15,Rest,66,100
24:43,01:16,Rest,67,99
24:44,01:17,Rest,68,99
24:45,01:18,Rest,68,99
24:46,01:19,Rest,68,99
24:47,01:20,Rest,68,99
24:48,01:21,Rest,66,99
24:49,01:22,Rest,63,99
24:50,01:23,Rest,62,99
24:51,01:24,Rest,62,99
24:52,01:25,Rest,62,99
24:53,01:26,Rest,62,99
24:54,01:27,Rest,62,99
24:55,01:28,Rest,63,99
24:56,01:29,Rest,63,99
24:57,01:30,Rest,63,99
24:58,01:31,Rest,62,99
24:59,01:32,Rest,61,99
25:00,01:33,Rest,61,99
25:01,01:34,Rest,61,99
25:02,01:35,Rest,61,99
25:03,01:36,Rest,60,99
25:04,01:37,Rest,61,99
25:05,01:38,Rest,61,99
25:06,01:39,Rest,61,99
25:07,01:40,Rest,61,99
25:08,01:41,Rest,61,99
25:09,01:42,Rest,61,99
25:10,01:43,Rest,61,99
25:11,01:44,Rest,61,99
25:12,01:45,Rest,61,99
25:13,01:46,Rest,64,99
25:14,01:47,Rest,64,99
25:15,01:48,Rest,64,99
25:16,01:49,Rest,64,99
25:17,01:50,Rest,62,99
25:18,01:51,Rest,62,99
25:19,01:52,Rest,62,99
25:20,01:53,Rest,62,99
25:21,01:54,Rest,62,99
25:22,01:55,Rest,65,99
25:23,01:56,Rest,65,99
25:24,01:57,Rest,63,99
25:26,01:59,Rest,61,99
25:27,02:00,Rest,61,99
25:28,02:01,Rest,61,99
25:29,02:02,Rest,61,99
25:30,02:03,Rest,63,99
25:31,02:04,Rest,66,99
25:32,02:05,Rest,66,99
25:33,02:06,Rest,66,99
25:35,02:08,Rest,66,99
25:37,02:10,Rest,64,99
25:38,02:11,Rest,64,99
25:39,02:12,Rest,64,99
25:40,02:13,Rest,68,99
25:41,02:14,Rest,70,99
25:42,02:15,Rest,72,99
25:43,02:16,Rest,72,99
25:44,02:17,Rest,72,99
25:45,02:18,Rest,72,99
25:46,02:19,Rest,72,99
25:47,02:20,Rest,71,99
25:48,02:21,Rest,74,99
25:49,02:22,Rest,77,99
25:50,02:23,Rest,75,99
25:51,02:24,Rest,75,99
25:52,02:25,Rest,73,99
25:53,02:26,Rest,73,99
25:54,02:27,Rest,73,99
25:55,02:28,Rest,73,99
25:56,02:29,Rest,73,99
25:57,02:30,Rest,73,99
25:58,02:31,Rest,72,99
25:59,02:32,Rest,72,99
26:00,02:33,Rest,72,99
26:01,02:34,Rest,75,99
26:02,02:35,Rest,77,99
26:03,02:36,Rest,79,99
26:04,02:37,Rest,79,99
26:05,02:38,Rest,79,99
26:06,02:39,Rest,77,99
26:07,02:40,Rest,77,99
26:08,02:41,Rest,77,99
26:09,02:42,Rest,77,99
26:10,02:43,Rest,78,99
26:11,02:44,Rest,78,99
26:12,02:45,Rest,80,99
26:13,02:46,Rest,80,99
26:14,02:47,Rest,80,99
26:15,02:48,Rest,80,99
26:16,02:49,Rest,77,99
26:17,02:50,Rest,77,99
26:18,02:51,Rest,79,99
26:19,02:52,Rest,82,99
26:20,02:53,Rest,84,99
26:21,02:54,Rest,90,99
26:22,02:55,Rest,91,99
26:23,02:56,Rest,91,99
26:24,02:57,Rest,89,99
26:25,02:58,Rest,87,99
26:26,02:59,Rest,84,99
26:27,00:00,Apnea,84,99
26:28,00:01,Apnea,84,99
26:29,00:02,Apnea,84,99
26:30,00:03,Apnea,86,99
26:31,00:04,Apnea,88,99
26:32,00:05,Apnea,88,99
26:33,00:06,Apnea,88,99
26:34,00:07,Apnea,88,99
26:35,00:08,Apnea,88,99
26:36,00:09,Apnea,88,99
26:37,00:10,Apnea,81,99
26:38,00:11,Apnea,76,99
26:39,00:12,Apnea,71,99
26:40,00:13,Apnea,67,99
26:41,00:14,Apnea,63,99
26:42,00:15,Apnea,58,99
26:43,00:16,Apnea,58,99
26:44,00:17,Apnea,52,99
26:45,00:18,Apnea,52,99
26:46,00:19,Apnea,52,99
26:47,00:20,Apnea,53,99
26:48,00:21,Apnea,53,99
26:49,00:22,Apnea,53,99
26:50,00:23,Apnea,54,99
26:51,00:24,Apnea,54,99
26:52,00:25,Apnea,54,100
26:53,00:26,Apnea,54,100
26:54,00:27,Apnea,54,100
26:55,00:28,Apnea,53,100
26:56,00:29,Apnea,52,100
26:57,00:30,Apnea,52,100
26:58,00:31,Apnea,51,100
26:59,00:32,Apnea,51,100
27:00,00:33,Apnea,51,100
27:01,00:34,Apnea,51,100
27:02,00:35,Apnea,50,100
27:03,00:36,Apnea,50,100
27:04,00:37,Apnea,50,100
27:05,00:38,Apnea,50,100
27:06,00:39,Apnea,50,100
27:07,00:40,Apnea,50,100
27:08,00:41,Apnea,50,100
27:09,00:42,Apnea,50,100
27:10,00:43,Apnea,49,100
27:11,00:44,Apnea,49,100
27:12,00:45,Apnea,49,100
27:13,00:46,Apnea,49,100
27:14,00:47,Apnea,48,100
27:15,00:48,Apnea,48,100
27:16,00:49,Apnea,49,100
27:17,00:50,Apnea,49,100
27:18,00:51,Apnea,49,100
27:19,00:52,Apnea,49,99
27:20,00:53,Apnea,49,99
27:21,00:54,Apnea,49,99
27:22,00:55,Apnea,49,99
27:23,00:56,Apnea,49,99
27:24,00:57,Apnea,49,99
27:25,00:58,Apnea,49,99
27:26,00:59,Apnea,48,99
27:27,01:00,Apnea,48,99
27:28,01:01,Apnea,49,99
27:29,01:02,Apnea,49,99
27:30,01:03,Apnea,49,99
27:31,01:04,Apnea,50,99
27:32,01:05,Apnea,50,99
27:33,01:06,Apnea,51,99
27:34,01:07,Apnea,51,99
27:35,01:08,Apnea,51,99
27:36,01:09,Apnea,52,99
27:37,01:10,Apnea,52,99
27:38,01:11,Apnea,52,99
27:39,01:12,Apnea,52,99
27:40,01:13,Apnea,51,99
27:41,01:14,Apnea,51,99
27:42,01:15,Apnea,51,99
27:43,01:16,Apnea,50,99
27:44,01:17,Apnea,50,99
27:45,01:18,Apnea,50,99
27:46,01:19,Apnea,49,99
27:47,01:20,Apnea,49,99
27:48,01:21,Apnea,49,99
27:49,01:22,Apnea,50,99
27:50,01:23,Apnea,50,99
27:51,01:24,Apnea,50,99
27:52,01:25,Apnea,50,99
27:53,01:26,Apnea,49,99
27:54,01:27,Apnea,49,99
27:55,01:28,Apnea,49,99
27:56,01:29,Apnea,48,99
27:57,01:30,Apnea,48,98
27:58,01:31,Apnea,47,98
27:59,01:32,Apnea,46,98
28:00,01:33,Apnea,46,97
28:01,01:34,Apnea,47,97
28:02,01:35,Apnea,47,97
28:03,01:36,Apnea,48,97
28:04,01:37,Apnea,48,97
28:05,01:38,Apnea,48,97
28:06,01:39,Apnea,49,97
28:07,01:40,Apnea,49,97
28:08,01:41,Apnea,50,97
28:09,01:42,Apnea,50,97
28:10,01:43,Apnea,51,96
28:11,01:44,Apnea,51,96
28:12,01:45,Apnea,51,95
28:13,01:46,Apnea,51,94
28:14,01:47,Apnea,51,94
28:15,01:48,Apnea,51,93
28:16,01:49,Apnea,51,92
28:17,01:50,Apnea,51,91
28:18,01:51,Apnea,52,91
28:19,01:52,Apnea,52,90
28:20,01:53,Apnea,52,90
28:21,01:54,Apnea,52,90
28:22,01:55,Apnea,52,89
28:23,01:56,Apnea,52,89
28:24,01:57,Apnea,52,89
28:25,01:58,Apnea,52,89
28:26,01:59,Apnea,52,89
28:27,02:00,Apnea,52,89
28:28,02:01,Apnea,52,89
28:29,02:02,Apnea,52,88
28:30,02:03,Apnea,52,88
28:31,02:04,Apnea,53,88
28:32,02:05,Apnea,53,87
28:33,02:06,Apnea,54,87
28:34,02:07,Apnea,54,87
28:35,02:08,Apnea,55,87
28:36,02:09,Apnea,55,87
28:37,02:10,Apnea,56,87
28:39,02:12,Apnea,56,87
28:41,02:14,Apnea,56,87
28:43,02:16,Apnea,58,87
28:44,02:17,Apnea,58,87
28:45,02:18,Apnea,59,87
28:46,02:19,Apnea,59,86
28:47,02:20,Apnea,59,86
28:48,02:21,Apnea,59,86
28:49,02:22,Apnea,59,85
28:50,02:23,Apnea,58,84
28:51,02:24,Apnea,58,84
28:52,02:25,Apnea,58,84
28:53,02:26,Apnea,58,84
28:54,02:27,Apnea,58,84
28:55,02:28,Apnea,57,83
28:56,02:29,Apnea,57,83
28:57,02:30,Apnea,57,83
28:58,02:31,Apnea,57,83
28:59,02:32,Apnea,57,82
29:00,02:33,Apnea,58,82
29:01,02:34,Apnea,59,81
29:02,02:35,Apnea,60,81
29:03,02:36,Apnea,60,81
29:04,02:37,Apnea,60,81
29:05,02:38,Apnea,62,80
29:06,02:39,Apnea,65,80
29:07,02:40,Apnea,66,78
29:08,02:41,Apnea,66,76
29:09,02:42,Apnea,66,74
29:10,02:43,Apnea,66,73
29:11,02:44,Apnea,67,70
29:12,02:45,Apnea,68,68
29:13,02:46,Apnea,69,68
29:14,02:47,Apnea,69,68
29:15,02:48,Apnea,70,68
29:16,02:49,Apnea,72,68
29:17,02:50,Apnea,74,68
29:18,02:51,Apnea,74,67
29:19,02:52,Apnea,73,67
29:20,02:53,Apnea,73,65
29:21,02:54,Apnea,75,65
29:22,02:55,Apnea,75,64
29:23,02:56,Apnea,74,63
29:24,02:57,Apnea,73,60
29:25,02:58,Apnea,72,59
29:26,02:59,Apnea,71,57
29:27,03:00,Apnea,70,56
29:28,03:01,Apnea,72,56
29:29,03:02,Apnea,73,54
29:30,03:03,Apnea,73,54
29:31,03:04,Apnea,73,54
29:32,03:05,Apnea,73,54
29:33,03:06,Apnea,73,54
29:34,03:07,Apnea,73,54
29:35,00:00,Rest,74,53
29:36,00:01,Rest,76,53
29:37,00:02,Rest,77,53
29:38,00:03,Rest,77,52
29:39,00:04,Rest,77,52
29:40,00:05,Rest,78,52
29:41,00:06,Rest,79,51
29:42,00:07,Rest,81,50
29:43,00:08,Rest,83,48
29:44,00:09,Rest,83,47
29:45,00:10,Rest,82,46
29:46,00:11,Rest,81,45
29:47,00:12,Rest,81,44
29:48,00:13,Rest,81,44
29:49,00:14,Rest,79,43
29:50,00:15,Rest,74,43
29:51,00:16,Rest,74,42
29:52,00:17,Rest,76,42
29:53,00:18,Rest,78,42
29:54,00:19,Rest,82,42
29:55,00:20,Rest,86,42
29:56,00:21,Rest,87,42
29:57,00:22,Rest,87,42
29:58,00:23,Rest,87,42
29:59,00:24,Rest,86,42
30:00,00:25,Rest,87,42
30:01,00:26,Rest,88,42
30:02,00:27,Rest,86,42
30:03,00:28,Rest,86,42
30:04,00:29,Rest,86,42
30:05,00:30,Rest,85,42
30:06,00:31,Rest,86,42
30:07,00:32,Rest,87,42
30:08,00:33,Rest,87,42
30:09,00:34,Rest,87,41
30:10,00:35,Rest,90,41
30:11,00:36,Rest,90,41
30:12,00:37,Rest,90,41
30:13,00:38,Rest,90,41
30:14,00:39,Rest,90,41
30:15,00:40,Rest,85,41
30:16,00:41,Rest,85,44
30:17,00:42,Rest,85,48
30:18,00:43,Rest,85,48
30:19,00:44,Rest,85,48
30:20,00:45,Rest,85,48
30:21,00:46,Rest,85,48
30:22,00:47,Rest,85,48
30:23,00:48,Rest,85,48
30:24,00:49,Rest,85,48
30:25,00:50,Rest,84,53
30:26,00:51,Rest,84,66
30:27,00:52,Rest,87,70
30:28,00:53,Rest,87,77
30:29,00:54,Rest,85,92
30:30,00:55,Rest,85,92
30:31,00:56,Rest,85,92
30:32,00:57,Rest,85,92
30:33,00:58,Rest,85,92
30:34,00:59,Rest,82,96
30:35,01:00,Rest,82,97
30:36,01:01,Rest,81,100
30:37,01:02,Rest,80,100
30:38,01:03,Rest,80,100
30:39,01:04,Rest,80,100
30:40,01:05,Rest,80,100
30:41,01:06,Rest,80,100
30:42,01:07,Rest,80,100
30:43,01:08,Rest,80,100
30:44,01:09,Rest,79,100
30:45,01:10,Rest,81,100
30:46,01:11,Rest,83,100
30:47,01:12,Rest,82,100
30:48,01:13,Rest,79,100
30:49,01:14,Rest,79,100
30:50,01:15,Rest,79,100
30:51,01:16,Rest,75,100
30:52,01:17,Rest,74,100
30:53,01:18,Rest,73,100
30:54,01:19,Rest,73,100
30:55,01:20,Rest,73,100
30:56,01:21,Rest,75,100
30:57,01:22,Rest,77,100
30:58,01:23,Rest,78,100
30:59,01:24,Rest,78,100
31:00,01:25,Rest,78,100
31:01,01:26,Rest,78,100
31:02,01:27,Rest,77,100
31:03,01:28,Rest,77,100
31:04,01:29,Rest,79,100
31:05,01:30,Rest,81,100
31:06,01:31,Rest,83,100
31:07,01:32,Rest,83,100
31:08,01:33,Rest,83,100
31:09,01:34,Rest,83,100
31:10,01:35,Rest,83,100
31:11,01:36,Rest,78,100
31:12,01:37,Rest,75,100
31:13,01:38,Rest,72,100
31:14,01:39,Rest,70,100
31:15,01:40,Rest,67,100
31:16,01:41,Rest,65,100
31:17,01:42,Rest,65,100
31:18,01:43,Rest,64,100
31:19,01:44,Rest,65,100
31:20,01:45,Rest,65,100
31:21,01:46,Rest,65,100
31:22,01:47,Rest,64,99
31:23,01:48,Rest,64,99
31:24,01:49,Rest,63,99
31:25,01:50,Rest,62,99
31:26,01:51,Rest,63,99
31:27,01:52,Rest,63,100
31:28,01:53,Rest,66,100
31:29,01:54,Rest,69,100
31:30,01:55,Rest,69,100
31:31,01:56,Rest,69,100
31:32,01:57,Rest,70,100
31:33,01:58,Rest,72,100
31:34,01:59,Rest,72,100
31:35,02:00,Rest,72,100
31:37,02:02,Rest,73,100
31:38,02:03,Rest,73,100
31:39,02:04,Rest,73,100
31:41,02:06,Rest,73,100
31:43,02:08,Rest,72,100
31:44,02:09,Rest,74,99
31:45,02:10,Rest,76,99
31:46,02:11,Rest,76,99
31:47,02:12,Rest,78,99
31:48,02:13,Rest,79,99
31:49,02:14,Rest,79,99
31:50,02:15,Rest,79,99
31:51,02:16,Rest,79,99
31:52,02:17,Rest,79,99
31:53,02:18,Rest,81,99
31:54,02:19,Rest,83,99
31:55,02:20,Rest,84,99
31:56,02:21,Rest,86,99
31:57,02:22,Rest,87,99
31:58,02:23,Rest,88,99
31:59,02:24,Rest,85,99
32:00,02:25,Rest,85,99
32:01,02:26,Rest,80,99
32:02,02:27,Rest,76,99
32:03,02:28,Rest,74,99
32:04,02:29,Rest,73,99
32:05,02:30,Rest,73,99
32:06,02:31,Rest,77,99
32:07,02:32,Rest,82,99
32:08,02:33,Rest,85,99
32:09,02:34,Rest,85,99
32:10,02:35,Rest,82,99
32:11,02:36,Rest,79,99
32:12,02:37,Rest,76,99
32:13,02:38,Rest,74,99
32:14,02:39,Rest,74,99
32:15,02:40,Rest,75,99
32:16,02:41,Rest,79,99
32:17,02:42,Rest,82,99
32:18,02:43,Rest,85,99
32:19,02:44,Rest,84,99
32:20,02:45,Rest,83,99
32:21,02:46,Rest,82,99
32:22,02:47,Rest,79,99
32:23,02:48,Rest,75,99
32:24,02:49,Rest,76,99
32:25,02:50,Rest,79,99
32:26,02:51,Rest,83,99
32:27,02:52,Rest,87,99
32:28,02:53,Rest,92,99
32:29,02:54,Rest,92,99
32:30,02:55,Rest,92,99
32:31,02:56,Rest,93,99
32:32,02:57,Rest,92,100
32:33,02:58,Rest,93,99
32:34,02:59,Rest,95,99
32:35,00:00,Apnea,96,99
32:36,00:01,Apnea,98,99
32:37,00:02,Apnea,99,99
32:38,00:03,Apnea,99,99
32:39,00:04,Apnea,102,99
32:40,00:05,Apnea,103,99
32:41,00:06,Apnea,103,99
32:42,00:07,Apnea,102,99
32:43,00:08,Apnea,102,99
32:44,00:09,Apnea,102,99
32:45,00:10,Apnea,102,99
32:46,00:11,Apnea,102,99
32:47,00:12,Apnea,102,99
32:48,00:13,Apnea,102,99
32:54,00:19,Apnea,79,91
32:55,00:20,Apnea,79,91
32:56,00:21,Apnea,79,91
32:57,00:22,Apnea,79,91
32:58,00:23,Apnea,83,91
32:59,00:24,Apnea,83,92
33:00,00:25,Apnea,83,93
33:01,00:26,Apnea,85,94
33:02,00:27,Apnea,86,95
33:03,00:28,Apnea,86,95
33:04,00:29,Apnea,83,95
33:05,00:30,Apnea,83,96
33:06,00:31,Apnea,83,96
33:07,00:32,Apnea,83,96
33:08,00:33,Apnea,83,96
33:09,00:34,Apnea,77,97
33:10,00:35,Apnea,73,98
33:11,00:36,Apnea,69,99
33:12,00:37,Apnea,67,99
33:13,00:38,Apnea,65,99
33:14,00:39,Apnea,64,99
33:15,00:40,Apnea,62,99
33:16,00:41,Apnea,63,99
33:17,00:42,Apnea,64,99
33:18,00:43,Apnea,65,99
33:19,00:44,Apnea,66,100
33:20,00:45,Apnea,68,100
33:21,00:46,Apnea,71,100
33:22,00:47,Apnea,73,100
33:23,00:48,Apnea,74,100
33:24,00:49,Apnea,76,100
33:25,00:50,Apnea,77,100
33:26,00:51,Apnea,77,100
33:27,00:52,Apnea,76,100
33:28,00:53,Apnea,76,100
33:29,00:54,Apnea,77,100
33:30,00:55,Apnea,79,100
33:31,00:56,Apnea,81,100
33:32,00:57,Apnea,85,100
33:33,00:58,Apnea,86,100
33:34,00:59,Apnea,87,100
33:35,01:00,Apnea,86,100
33:36,01:01,Apnea,86,100
33:37,01:02,Apnea,85,100
33:38,01:03,Apnea,85,100
33:39,01:04,Apnea,88,100
33:40,01:05,Apnea,93,100
33:41,01:06,Apnea,96,100
33:42,01:07,Apnea,100,100
33:43,01:08,Apnea,100,100
33:44,01:09,Apnea,98,100
33:45,01:10,Apnea,94,100
33:46,01:11,Apnea,89,100
33:47,01:12,Apnea,86,100
33:48,01:13,Apnea,86,100
33:49,01:14,Apnea,81,100
33:50,01:15,Apnea,78,100
33:51,01:16,Apnea,77,100
33:52,01:17,Apnea,75,100
33:53,01:18,Apnea,73,100
33:54,01:19,Apnea,71,100
33:55,01:20,Apnea,70,100
33:56,01:21,Apnea,69,100
33:57,01:22,Apnea,69,100
33:58,01:23,Apnea,68,100
33:59,01:24,Apnea,68,100
34:00,01:25,Apnea,68,100
34:01,01:26,Apnea,69,100
34:02,01:27,Apnea,69,100
34:03,01:28,Apnea,70,100
34:04,01:29,Apnea,70,100
34:05,01:30,Apnea,70,99
34:06,01:31,Apnea,69,99
34:07,01:32,Apnea,69,99
34:08,01:33,Apnea,68,99
34:09,01:34,Apnea,68,99
34:10,01:35,Apnea,68,99
34:11,01:36,Apnea,67,99
34:12,01:37,Apnea,67,99
34:13,01:38,Apnea,68,100
34:14,01:39,Apnea,68,100
34:15,01:40,Apnea,68,100
34:16,01:41,Apnea,68,100
34:17,01:42,Apnea,70,100
34:18,01:43,Apnea,70,100
34:19,01:44,Apnea,72,99
34:20,01:45,Apnea,73,99
34:21,01:46,Apnea,74,99
34:22,01:47,Apnea,75,99
34:23,01:48,Apnea,74,99
34:24,01:49,Apnea,77,99
34:25,01:50,Apnea,81,99
34:26,01:51,Apnea,83,99
34:27,01:52,Apnea,85,99
34:28,01:53,Apnea,86,99
34:29,01:54,Apnea,86,99
34:30,01:55,Apnea,86,99
34:31,01:56,Apnea,86,99
34:32,01:57,Apnea,86,99
34:33,01:58,Apnea,86,99
34:34,01:59,Apnea,89,99
34:35,02:00,Apnea,91,99
34:36,02:01,Apnea,93,99
34:37,02:02,Apnea,97,99
34:38,02:03,Apnea,100,99
34:39,02:04,Apnea,99,99
34:40,02:05,Apnea,97,99
34:42,02:07,Apnea,97,99
34:44,02:09,Apnea,97,99
34:46,02:11,Apnea,94,99
34:47,02:12,Apnea,94,99
34:48,02:13,Apnea,94,99
34:49,02:14,Apnea,92,99
34:50,02:15,Apnea,92,99
34:51,02:16,Apnea,92,99
34:52,02:17,Apnea,92,99
34:53,02:18,Apnea,92,99
34:54,02:19,Apnea,87,99
34:55,02:20,Apnea,83,99
34:56,02:21,Apnea,79,99
34:57,02:22,Apnea,78,99
34:58,02:23,Apnea,78,99
34:59,02:24,Apnea,78,99
35:00,02:25,Apnea,79,99
35:01,02:26,Apnea,78,99
35:02,02:27,Apnea,82,99
35:03,02:28,Apnea,88,99
35:04,02:29,Apnea,90,99
35:05,02:30,Apnea,93,99
35:06,02:31,Apnea,94,99
35:07,02:32,Apnea,94,99
35:08,02:33,Apnea,94,99
35:09,02:34,Apnea,91,99
35:10,02:35,Apnea,90,99
35:11,02:36,Apnea,87,99
35:12,02:37,Apnea,86,99
35:13,02:38,Apnea,86,99
35:14,02:39,Apnea,86,99
35:15,02:40,Apnea,88,99
35:16,02:41,Apnea,89,99
35:17,02:42,Apnea,91,99
35:18,02:43,Apnea,91,99
35:19,02:44,Apnea,91,99
35:20,02:45,Apnea,91,99
35:21,02:46,Apnea,91,98
35:22,02:47,Apnea,91,98
35:23,02:48,Apnea,92,98
35:24,02:49,Apnea,95,98
35:25,02:50,Apnea,96,98
35:26,02:51,Apnea,97,98
35:27,02:52,Apnea,98,98
35:28,02:53,Apnea,98,98
35:29,02:54,Apnea,98,98
35:30,02:55,Apnea,97,98
35:31,02:56,Apnea,93,98
35:32,02:57,Apnea,93,98
35:33,02:58,Apnea,93,98
35:34,02:59,Apnea,89,98
35:35,03:00,Apnea,85,97
35:36,03:01,Apnea,80,97
35:37,03:02,Apnea,80,97
35:38,03:03,Apnea,81,97
35:39,03:04,Apnea,81,97
35:40,03:05,Apnea,81,97
35:41,03:06,Apnea,81,97
35:42,03:07,Apnea,81,97
35:43,03:08,Apnea,81,97
35:44,03:09,Apnea,78,97
35:45,03:10,Apnea,78,97
35:46,03:11,Apnea,78,97
35:47,03:12,Apnea,77,97
35:48,03:13,Apnea,75,97
35:49,03:14,Apnea,72,97
35:50,03:15,Apnea,69,97
35:51,03:16,Apnea,70,97
35:52,03:17,Apnea,71,97
35:53,03:18,Apnea,71,97
35:54,03:19,Apnea,73,97
35:55,03:20,Apnea,77,96
35:56,03:21,Apnea,79,96
35:57,03:22,Apnea,84,96
35:58,03:23,Apnea,86,96
35:59,03:24,Apnea,86,96
36:00,03:25,Apnea,85,96
36:01,03:26,Apnea,87,96
36:02,03:27,Apnea,88,96
36:03,03:28,Apnea,92,96
36:04,03:29,Apnea,98,96
36:05,03:30,Apnea,103,96
36:06,03:31,Apnea,103,96
36:07,03:32,Apnea,101,95
36:08,03:33,Apnea,99,95
36:09,03:34,Apnea,97,95
36:10,03:35,Apnea,96,95
36:11,03:36,Apnea,95,95
36:12,03:37,Apnea,95,95
36:13,03:38,Apnea,94,94
36:14,03:39,Apnea,92,94
36:15,03:40,Apnea,92,94
36:16,03:41,Apnea,91,94
36:17,03:42,Apnea,91,93
36:18,03:43,Apnea,92,93
36:19,03:44,Apnea,94,92
36:20,03:45,Apnea,94,92
36:21,03:46,Apnea,93,92
36:22,03:47,Apnea,93,92
36:23,03:48,Apnea,93,92
36:24,03:49,Apnea,93,92
36:25,03:50,Apnea,93,92
36:26,03:51,Apnea,92,92
36:27,03:52,Apnea,92,92
36:28,03:53,Apnea,92,91
36:29,03:54,Apnea,92,91
36:30,03:55,Apnea,91,91
36:31,03:56,Apnea,92,91
36:32,03:57,Apnea,92,91
36:33,03:58,Apnea,93,91
36:34,03:59,Apnea,94,90
36:35,04:00,Apnea,97,90
36:36,04:01,Apnea,100,90
36:37,04:02,Apnea,100,90
36:38,04:03,Apnea,100,90
36:39,04:04,Apnea,101,90
36:40,04:05,Apnea,101,90
36:41,04:06,Apnea,101,90
36:42,04:07,Apnea,102,89
36:43,04:08,Apnea,103,89
36:44,04:09,Apnea,105,89
36:45,04:10,Apnea,106,89
36:46,04:11,Apnea,106,89
36:47,04:12,Apnea,106,88
36:48,04:13,Apnea,105,88
36:49,04:14,Apnea,104,87
36:50,04:15,Apnea,100,87
36:51,04:16,Apnea,97,87
36:52,04:17,Apnea,97,87
36:53,04:18,Apnea,96,87
36:54,04:19,Apnea,98,87
36:55,04:20,Apnea,99,86
36:56,04:21,Apnea,101,86
36:57,04:22,Apnea,103,86
36:58,04:23,Apnea,104,86
36:59,04:24,Apnea,105,86
37:00,04:25,Apnea,105,85
37:01,04:26,Apnea,105,85
37:02,04:27,Apnea,104,85
37:03,04:28,Apnea,103,84
37:04,04:29,Apnea,103,84
37:05,04:30,Apnea,104,84
37:06,04:31,Apnea,104,84
37:07,04:32,Apnea,103,84
37:08,04:33,Apnea,102,84
37:09,04:34,Apnea,102,84
37:10,04:35,Apnea,101,84
37:11,04:36,Apnea,101,84
37:12,04:37,Apnea,101,84
37:13,04:38,Apnea,100,84
37:14,04:39,Apnea,98,83
37:15,04:40,Apnea,96,83
37:16,04:41,Apnea,97,83
37:17,04:42,Apnea,98,83
37:18,04:43,Apnea,100,83
37:19,04:44,Apnea,101,82
37:20,04:45,Apnea,101,82
37:21,04:46,Apnea,101,82
37:22,04:47,Apnea,101,82
37:23,04:48,Apnea,100,82
37:24,04:49,Apnea,100,82
37:25,04:50,Apnea,100,82
37:26,04:51,Apnea,100,82
37:27,04:52,Apnea,100,82
37:28,04:53,Apnea,89,81
37:29,04:54,Apnea,91,81
37:30,04:55,Apnea,90,80
37:31,04:56,Apnea,90,79
37:32,04:57,Apnea,89,79
37:33,04:58,Apnea,99,78
37:34,04:59,Apnea,99,78
37:35,05:00,Apnea,99,78
37:36,05:01,Apnea,98,78
37:37,05:02,Apnea,99,76
37:38,05:03,Apnea,100,76
37:39,05:04,Apnea,100,75
37:40,05:05,Apnea,100,75
37:41,05:06,Apnea,100,75
37:42,05:07,Apnea,98,75
37:44,05:09,Apnea,99,74
37:46,05:11,Apnea,96,73
37:48,05:13,Apnea,96,73
37:50,05:15,Apnea,95,72
37:51,05:16,Apnea,95,72
37:52,05:17,Apnea,95,72
37:53,05:18,Apnea,96,72
37:54,05:19,Apnea,95,72
37:55,05:20,Apnea,95,72
37:56,05:21,Apnea,95,72
37:57,05:22,Apnea,95,72
37:58,05:23,Apnea,95,72
37:59,05:24,Apnea,95,72
38:00,05:25,Apnea,95,72
38:01,05:26,Apnea,95,72
38:02,05:27,Apnea,95,72
38:03,05:28,Apnea,95,72
38:04,05:29,Apnea,89,72
38:05,05:30,Apnea,86,72
38:06,05:31,Apnea,80,71
38:07,05:32,Apnea,80,69
38:08,05:33,Apnea,80,69
38:09,05:34,Apnea,80,69
38:10,05:35,Apnea,77,69
38:11,05:36,Apnea,76,69
38:12,05:37,Apnea,76,66
38:13,05:38,Apnea,76,66
38:14,05:39,Apnea,76,66
38:15,05:40,Apnea,76,66
38:16,05:41,Apnea,76,66
38:17,05:42,Apnea,70,66
38:18,05:43,Apnea,70,65
38:19,05:44,Apnea,61,61
38:20,05:45,Apnea,60,61
38:21,05:46,Apnea,59,61
38:22,05:47,Apnea,59,61
38:23,05:48,Apnea,58,61
38:24,05:49,Apnea,56,61
38:25,05:50,Apnea,50,61
38:26,05:51,Apnea,52,60
38:27,05:52,Apnea,52,60
38:28,05:53,Apnea,58,60
38:29,05:54,Apnea,57,60
38:30,05:55,Apnea,56,59
38:31,05:56,Apnea,56,59
38:32,05:57,Apnea,56,59
38:33,05:58,Apnea,56,59
38:34,05:59,Apnea,56,59
38:35,06:00,Apnea,56,59
38:36,06:01,Apnea,56,59
38:37,06:02,Apnea,55,59
38:38,06:03,Apnea,54,59
38:39,06:04,Apnea,54,58
38:40,06:05,Apnea,54,58
38:41,06:06,Apnea,55,58
38:42,06:07,Apnea,55,58
38:43,06:08,Apnea,54,57
38:44,06:09,Apnea,54,57
38:45,06:10,Apnea,55,57
38:46,06:11,Apnea,55,57
38:47,06:12,Apnea,56,57
38:48,00:00,Cooldown,56,56
38:49,00:01,Cooldown,55,56
38:50,00:02,Cooldown,55,56
38:51,00:03,Cooldown,55,56
38:52,00:04,Cooldown,55,55
38:53,00:05,Cooldown,55,55
38:54,00:06,Cooldown,55,55
38:55,00:07,Cooldown,55,55
38:56,00:08,Cooldown,56,55
38:57,00:09,Cooldown,56,55
38:58,00:10,Cooldown,56,55
38:59,00:11,Cooldown,57,55
39:00,00:12,Cooldown,59,55
39:01,00:13,Cooldown,59,55
39:02,00:14,Cooldown,60,54
39:03,00:15,Cooldown,61,54
39:04,00:16,Cooldown,61,54
39:05,00:17,Cooldown,61,54
39:06,00:18,Cooldown,61,54
39:07,00:19,Cooldown,61,54
39:08,00:20,Cooldown,69,54
39:09,00:21,Cooldown,81,53
39:10,00:22,Cooldown,93,52
39:11,00:23,Cooldown,113,53
39:12,00:24,Cooldown,117,53
39:13,00:25,Cooldown,117,53
39:14,00:26,Cooldown,117,53
39:15,00:27,Cooldown,117,53
39:16,00:28,Cooldown,115,54
39:17,00:29,Cooldown,115,54
39:18,00:30,Cooldown,115,54
39:19,00:31,Cooldown,115,54
39:20,00:32,Cooldown,113,56
39:21,00:33,Cooldown,108,59
39:22,00:34,Cooldown,108,64
39:23,00:35,Cooldown,101,71
39:24,00:36,Cooldown,95,84
39:25,00:37,Cooldown,91,89
39:26,00:38,Cooldown,90,99
39:27,00:39,Cooldown,90,100
39:28,00:40,Cooldown,92,100
39:29,00:41,Cooldown,94,100
39:30,00:42,Cooldown,93,100
39:31,00:43,Cooldown,93,100
39:32,00:44,Cooldown,93,100
39:33,00:45,Cooldown,93,100
39:34,00:46,Cooldown,93,100
39:35,00:47,Cooldown,93,100
39:36,00:48,Cooldown,93,100
39:37,00:49,Cooldown,93,100
39:38,00:50,Cooldown,88,100
39:39,00:51,Cooldown,80,100
39:40,00:52,Cooldown,77,100
39:41,00:53,Cooldown,74,100
39:42,00:54,Cooldown,71,100
39:43,00:55,Cooldown,67,100
39:44,00:56,Cooldown,65,100
39:45,00:57,Cooldown,66,100
39:46,00:58,Cooldown,67,100
39:47,00:59,Cooldown,67,100
39:48,00:00,Apnea,67,100
39:49,00:00,Apnea,67,99
39:50,00:00,Apnea,67,99
